{
  "Embedding_2_SimpleRNN": {
    "loss": [
      0.2509360909461975,
      0.2503269910812378,
      0.24965150654315948,
      0.2486760914325714,
      0.2462671548128128,
      0.23575298488140106,
      0.2216707468032837,
      0.21932567656040192,
      0.23599833250045776,
      0.2323276549577713
    ],
    "mean_squared_error": [
      0.2509360909461975,
      0.2503269910812378,
      0.24965150654315948,
      0.2486760914325714,
      0.2462671548128128,
      0.23575298488140106,
      0.2216707468032837,
      0.21932567656040192,
      0.23599833250045776,
      0.2323276549577713
    ],
    "binary_accuracy": [
      0.503085732460022,
      0.5062857270240784,
      0.5152571201324463,
      0.5207428336143494,
      0.5441142916679382,
      0.592285692691803,
      0.6367428302764893,
      0.650857150554657,
      0.6078285574913025,
      0.600342869758606
    ],
    "true_positives": [
      4614.0,
      4664.0,
      4887.0,
      5073.0,
      4373.0,
      5448.0,
      5965.0,
      6164.0,
      6023.0,
      6839.0
    ],
    "true_negatives": [
      4190.0,
      4196.0,
      4130.0,
      4040.0,
      5149.0,
      4917.0,
      5178.0,
      5226.0,
      4614.0,
      3667.0
    ],
    "false_positives": [
      4510.0,
      4504.0,
      4570.0,
      4660.0,
      3551.0,
      3783.0,
      3522.0,
      3474.0,
      4086.0,
      5033.0
    ],
    "false_negatives": [
      4186.0,
      4136.0,
      3913.0,
      3727.0,
      4427.0,
      3352.0,
      2835.0,
      2636.0,
      2777.0,
      1961.0
    ],
    "val_loss": [
      0.2501447796821594,
      0.2500874102115631,
      0.24958579242229462,
      0.2502691149711609,
      0.24360381066799164,
      0.22885096073150635,
      0.21402454376220703,
      0.2073584645986557,
      0.23862271010875702,
      0.2364925742149353
    ],
    "val_mean_squared_error": [
      0.2501447796821594,
      0.2500874102115631,
      0.24958579242229462,
      0.2502691149711609,
      0.24360381066799164,
      0.22885096073150635,
      0.21402454376220703,
      0.2073584645986557,
      0.23862271010875702,
      0.2364925742149353
    ],
    "val_binary_accuracy": [
      0.5045333504676819,
      0.5045333504676819,
      0.5050666928291321,
      0.5233333110809326,
      0.5525333285331726,
      0.6077333092689514,
      0.6624000072479248,
      0.6657333374023438,
      0.5766666531562805,
      0.5839999914169312
    ],
    "val_true_positives": [
      1805.0,
      1894.0,
      2121.0,
      385.0,
      668.0,
      3317.0,
      2239.0,
      3154.0,
      2987.0,
      2967.0
    ],
    "val_true_negatives": [
      1979.0,
      1890.0,
      1667.0,
      3540.0,
      3476.0,
      1241.0,
      2729.0,
      1839.0,
      1338.0,
      1413.0
    ],
    "val_false_positives": [
      1821.0,
      1910.0,
      2133.0,
      260.0,
      324.0,
      2559.0,
      1071.0,
      1961.0,
      2462.0,
      2387.0
    ],
    "val_false_negatives": [
      1895.0,
      1806.0,
      1579.0,
      3315.0,
      3032.0,
      383.0,
      1461.0,
      546.0,
      713.0,
      733.0
    ]
  },
  "Embedding_2_LSTM": {
    "loss": [
      0.24396146833896637,
      0.17712630331516266,
      0.32173144817352295,
      0.4280133843421936,
      0.4126799702644348,
      0.2550056576728821,
      0.22771166265010834,
      0.2239871770143509,
      0.18250562250614166,
      0.13257314264774323
    ],
    "mean_squared_error": [
      0.24396146833896637,
      0.17712630331516266,
      0.32173144817352295,
      0.4280133843421936,
      0.4126799702644348,
      0.2550056576728821,
      0.22771166265010834,
      0.2239871770143509,
      0.18250562250614166,
      0.13257314264774323
    ],
    "binary_accuracy": [
      0.5605142712593079,
      0.7537714242935181,
      0.6536571383476257,
      0.5693143010139465,
      0.5557143092155457,
      0.5635428428649902,
      0.6211428642272949,
      0.6284571290016174,
      0.7316571474075317,
      0.8126857280731201
    ],
    "true_positives_1": [
      5919.0,
      6709.0,
      8010.0,
      8477.0,
      7978.0,
      4286.0,
      4805.0,
      6928.0,
      7207.0,
      7237.0
    ],
    "true_negatives_1": [
      3890.0,
      6482.0,
      3429.0,
      1486.0,
      1747.0,
      5576.0,
      6065.0,
      4070.0,
      5597.0,
      6985.0
    ],
    "false_positives_1": [
      4810.0,
      2218.0,
      5271.0,
      7214.0,
      6953.0,
      3124.0,
      2635.0,
      4630.0,
      3103.0,
      1715.0
    ],
    "false_negatives_1": [
      2881.0,
      2091.0,
      790.0,
      323.0,
      822.0,
      4514.0,
      3995.0,
      1872.0,
      1593.0,
      1563.0
    ],
    "val_loss": [
      0.20673032104969025,
      0.1371668577194214,
      0.43992266058921814,
      0.4306716322898865,
      0.4194938540458679,
      0.2412640005350113,
      0.23662084341049194,
      0.23262213170528412,
      0.1438523828983307,
      0.13408370316028595
    ],
    "val_mean_squared_error": [
      0.20673032104969025,
      0.1371668577194214,
      0.43992266058921814,
      0.4306716322898865,
      0.4194938540458679,
      0.2412640005350113,
      0.23662084341049194,
      0.23262213170528412,
      0.1438523828983307,
      0.13408370316028595
    ],
    "val_binary_accuracy": [
      0.7145333290100098,
      0.8108000159263611,
      0.5585333108901978,
      0.5653333067893982,
      0.5086666941642761,
      0.5861333608627319,
      0.5920000076293945,
      0.5962666869163513,
      0.8032000064849854,
      0.8125333189964294
    ],
    "val_true_positives_1": [
      1954.0,
      3077.0,
      3556.0,
      3552.0,
      22.0,
      2076.0,
      3161.0,
      3334.0,
      3076.0,
      2830.0
    ],
    "val_true_negatives_1": [
      3405.0,
      3004.0,
      633.0,
      688.0,
      3793.0,
      2320.0,
      1279.0,
      1138.0,
      2948.0,
      3264.0
    ],
    "val_false_positives_1": [
      395.0,
      796.0,
      3167.0,
      3112.0,
      7.0,
      1480.0,
      2521.0,
      2662.0,
      852.0,
      536.0
    ],
    "val_false_negatives_1": [
      1746.0,
      623.0,
      144.0,
      148.0,
      3678.0,
      1624.0,
      539.0,
      366.0,
      624.0,
      870.0
    ]
  },
  "Embedding_10_SimpleRNN": {
    "loss": [
      0.25026175379753113,
      0.24645385146141052,
      0.2281230241060257,
      0.19245052337646484,
      0.21327504515647888,
      0.19777867197990417,
      0.18439248204231262,
      0.160054549574852,
      0.15032126009464264,
      0.14061403274536133
    ],
    "mean_squared_error": [
      0.25026175379753113,
      0.24645385146141052,
      0.2281230241060257,
      0.19245052337646484,
      0.21327504515647888,
      0.19777867197990417,
      0.18439248204231262,
      0.160054549574852,
      0.15032126009464264,
      0.14061403274536133
    ],
    "binary_accuracy": [
      0.5053714513778687,
      0.5582857131958008,
      0.6261714100837708,
      0.7109143137931824,
      0.6543999910354614,
      0.6950857043266296,
      0.723885715007782,
      0.7668571472167969,
      0.7879428863525391,
      0.803771436214447
    ],
    "true_positives_2": [
      4966.0,
      5363.0,
      5616.0,
      6162.0,
      4186.0,
      5752.0,
      6608.0,
      6864.0,
      7088.0,
      7233.0
    ],
    "true_negatives_2": [
      3878.0,
      4407.0,
      5342.0,
      6279.0,
      7266.0,
      6412.0,
      6060.0,
      6556.0,
      6701.0,
      6833.0
    ],
    "false_positives_2": [
      4822.0,
      4293.0,
      3358.0,
      2421.0,
      1434.0,
      2288.0,
      2640.0,
      2144.0,
      1999.0,
      1867.0
    ],
    "false_negatives_2": [
      3834.0,
      3437.0,
      3184.0,
      2638.0,
      4614.0,
      3048.0,
      2192.0,
      1936.0,
      1712.0,
      1567.0
    ],