{"Pool_MaxPooling2D_size_2": {"loss": [0.14532823860645294, 0.04776334390044212, 0.026654232293367386], "categorical_accuracy": [0.9552974104881287, 0.9844772219657898, 0.9914177060127258], "true_positives_1": [38033.0, 39526.0, 39825.0], "true_negatives_1": [360543.0, 361235.0, 361480.0], "false_positives_1": [1248.0, 556.0, 311.0], "false_negatives_1": [2166.0, 673.0, 374.0], "mean_squared_error": [0.006611416582018137, 0.002317707985639572, 0.0013309743953868747], "val_loss": [0.07631371915340424, 0.05879152938723564, 0.06348611414432526], "val_categorical_accuracy": [0.9776273965835571, 0.9810110330581665, 0.9825766086578369], "val_true_positives_1": [19304.0, 19402.0, 19446.0], "val_true_negatives_1": [177817.0, 177859.0, 177896.0], "val_false_positives_1": [392.0, 350.0, 313.0], "val_false_negatives_1": [497.0, 399.0, 355.0], "val_mean_squared_error": [0.0035073745530098677, 0.002865735674276948, 0.0027410618495196104]}, "Pool_AveragePooling2D_size_2": {"loss": [0.1517409086227417, 0.05013033747673035, 0.03219834715127945], "categorical_accuracy": [0.9638333320617676, 0.9842533469200134, 0.9897509813308716], "true_positives_1": [57397.0, 39504.0, 39750.0], "true_negatives_1": [538413.0, 361237.0, 361418.0], "false_positives_1": [1587.0, 554.0, 373.0], "false_negatives_1": [2603.0, 695.0, 449.0], "mean_squared_error": [0.005487044807523489, 0.0024248878471553326, 0.001595539040863514], "val_loss": [0.08841165900230408, 0.07440796494483948, 0.05756210908293724], "val_categorical_accuracy": [0.9740922451019287, 0.9779304265975952, 0.9829806685447693], "val_true_positives_1": [19233.0, 19312.0, 19442.0], "val_true_negatives_1": [177775.0, 177826.0, 177912.0], "val_false_positives_1": [434.0, 383.0, 297.0], "val_false_negatives_1": [568.0, 489.0, 359.0], "val_mean_squared_error": [0.004055209457874298, 0.0033964926842600107, 0.0026035108603537083]}, "Pool_MaxPooling2D_size_3": {"loss": [0.14279523491859436, 0.05013754963874817, 0.03138187527656555], "categorical_accuracy": [0.9648666381835938, 0.9846513867378235, 0.9898505210876465], "true_positives_1": [57499.0, 39526.0, 39762.0], "true_negatives_1": [538473.0, 361234.0, 361417.0], "false_positives_1": [1527.0, 557.0, 374.0], "false_negatives_1": [2501.0, 673.0, 437.0], "mean_squared_error": [0.005241886246949434, 0.0023823119699954987, 0.0015648378757759929], "val_loss": [0.07214576750993729, 0.05773839354515076, 0.0651436597108841], "val_categorical_accuracy": [0.9783344268798828, 0.9823241233825684, 0.9819706082344055], "val_true_positives_1": [19335.0, 19430.0, 19422.0], "val_true_negatives_1": [177840.0, 177895.0, 177876.0], "val_false_positives_1": [369.0, 314.0, 333.0], "val_false_negatives_1": [466.0, 371.0, 379.0], "val_mean_squared_error": [0.0033360945526510477, 0.0026585538871586323, 0.0028913780115544796]}, "Pool_AveragePooling2D_size_3": {"loss": [0.16422569751739502, 0.06039552763104439, 0.04043269529938698], "categorical_accuracy": [0.960433304309845, 0.9819398522377014, 0.9868901968002319], "true_positives_1": [57094.0, 39387.0, 39638.0], "true_negatives_1": [538339.0, 361166.0, 361328.0], "false_positives_1": [1661.0, 625.0, 463.0], "false_negatives_1": [2906.0, 812.0, 561.0], "mean_squared_error": [0.005961301736533642, 0.0028452237602323294, 0.0019703987054526806], "val_loss": [0.08247096836566925, 0.07477282732725143, 0.057201363146305084], "val_categorical_accuracy": [0.9751022458076477, 0.9778293967247009, 0.9826776385307312], "val_true_positives_1": [19253.0, 19327.0, 19425.0], "val_true_negatives_1": [177798.0, 177817.0, 177912.0], "val_false_positives_1": [411.0, 392.0, 297.0], "val_false_negatives_1": [548.0, 474.0, 376.0], "val_mean_squared_error": [0.0038123903796076775, 0.00344250095076859, 0.0026562062557786703]}, "Pool_MaxPooling2D_size_4": {"loss": [0.15159785747528076, 0.05617242306470871, 0.03759375214576721], "categorical_accuracy": [0.9634333252906799, 0.982661247253418, 0.9885817766189575], "true_positives_1": [57309.0, 39422.0, 39700.0], "true_negatives_1": [538458.0, 361181.0, 361394.0], "false_positives_1": [1542.0, 610.0, 397.0], "false_negatives_1": [2691.0, 777.0, 499.0], "mean_squared_error": [0.005499133840203285, 0.00263613392598927, 0.0017752511193975806], "val_loss": [0.0718807578086853, 0.06387714296579361, 0.06406956166028976], "val_categorical_accuracy": [0.9763143062591553, 0.9807080626487732, 0.9805060625076294], "val_true_positives_1": [19295.0, 19389.0, 19388.0], "val_true_negatives_1": [177797.0, 177871.0, 177862.0], "val_false_positives_1": [412.0, 338.0, 347.0], "val_false_negatives_1": [506.0, 412.0, 413.0], "val_mean_squared_error": [0.003467887407168746, 0.0030030012130737305, 0.002979419194161892]}}